{
    "a": [
        [
            0.0,
            0.0
        ],
        [
            0.07894736842105265,
            0.0
        ]
    ],
    "b": [
        [
            0.0,
            0.0
        ],
        [
            0.07894736842105265,
            0.10526315789473684
        ],
        [
            0.06578947368421055,
            0.19736842105263158
        ],
        [
            0.013157894736842094,
            0.0
        ]
    ],
    "c": [
        [
            0.0,
            0.06578947368421055
        ],
        [
            -0.026315789473684233,
            0.07894736842105265
        ],
        [
            -0.05263157894736842,
            0.05263157894736847
        ],
        [
            -0.05263157894736842,
            0.013157894736842094
        ],
        [
            -0.026315789473684233,
            0.0
        ],
        [
            0.0,
            0.0
        ]
    ],
    "d": [
        [
            0.0,
            0.06578947368421051
        ],
        [
            0.11842105263157898,
            0.0
        ],
        [
            0.23684210526315785,
            0.06578947368421051
        ]
    ],
    "e": [
        [
            0.0,
            0.0
        ],
        [
            0.052631578947368474,
            0.06578947368421051
        ]
    ],
    "f": [
        [
            0.0,
            0.06578947368421055
        ],
        [
            0.026315789473684188,
            0.07894736842105265
        ],
        [
            0.05263157894736847,
            0.05263157894736847
        ],
        [
            0.05263157894736847,
            0.013157894736842094
        ],
        [
            0.026315789473684188,
            0.0
        ],
        [
            0.0,
            0.0
        ]
    ],
    "g": [
        [
            0.07894736842105265,
            0.23684210526315785
        ],
        [
            0.02631578947368418,
            0.19736842105263153
        ],
        [
            0.0,
            0.11842105263157898
        ],
        [
            0.02631578947368418,
            0.03947368421052633
        ],
        [
            0.07894736842105265,
            0.0
        ]
    ],
    "h": [
        [
            0.0,
            0.0
        ],
        [
            0.02631578947368422,
            0.06578947368421051
        ],
        [
            0.0,
            0.14473684210526305
        ],
        [
            -0.09210526315789472,
            0.11842105263157894
        ],
        [
            -0.09210526315789472,
            0.03947368421052628
        ],
        [
            -0.039473684210526334,
            0.0
        ],
        [
            0.013157894736842058,
            0.0
        ]
    ],
    "i": [
        [
            0.0,
            0.0
        ],
        [
            0.052631578947368474,
            0.06578947368421051
        ]
    ],
    "j": [
        [
            0.0,
            0.0
        ],
        [
            -0.02631578947368422,
            -0.15789473684210528
        ],
        [
            -0.06578947368421051,
            -0.15789473684210528
        ],
        [
            -0.039473684210526334,
            -0.07894736842105261
        ],
        [
            0.03947368421052628,
            0.0
        ]
    ],
    "k": [
        [
            0.0,
            0.23684210526315785
        ],
        [
            0.052631578947368474,
            0.19736842105263153
        ],
        [
            0.07894736842105265,
            0.11842105263157898
        ],
        [
            0.052631578947368474,
            0.03947368421052633
        ],
        [
            0.0,
            0.0
        ]
    ],
    "l": [
        [
            0.0,
            0.0
        ],
        [
            0.013157894736842146,
            -0.01315789473684209
        ],
        [
            0.013157894736842146,
            -0.03947368421052633
        ],
        [
            0.0,
            -0.05263157894736842
        ],
        [
            -0.026315789473684237,
            -0.05263157894736842
        ],
        [
            -0.03947368421052633,
            -0.03947368421052633
        ],
        [
            -0.03947368421052633,
            -0.01315789473684209
        ],
        [
            -0.026315789473684237,
            0.0
        ],
        [
            0.0,
            0.0
        ]
    ],
    "m": [
        [
            0.0,
            0.0
        ],
        [
            0.11842105263157893,
            0.05263157894736847
        ],
        [
            0.23684210526315785,
            0.0
        ]
    ],
    "n": [
        [
            0.0,
            0.0
        ],
        [
            0.026315789473684188,
            0.026315789473684188
        ],
        [
            0.05263157894736847,
            0.026315789473684188
        ],
        [
            0.07894736842105265,
            0.0
        ]
    ],
    "o": [
        [
            0.0,
            0.0
        ],
        [
            0.23684210526315785,
            0.0
        ]
    ],
    "p": [
        [
            0.03947368421052628,
            0.23684210526315785
        ],
        [
            0.0,
            0.0
        ]
    ],
    "q": [
        [
            0.0,
            0.0
        ],
        [
            -0.05263157894736842,
            -0.09210526315789473
        ],
        [
            -0.026315789473684233,
            -0.2236842105263158
        ],
        [
            0.03947368421052628,
            -0.13157894736842105
        ],
        [
            0.0,
            0.0
        ]
    ],
    "r": [
        [
            0.0,
            0.0
        ],
        [
            0.026315789473684188,
            0.0
        ],
        [
            0.03947368421052628,
            0.013157894736842094
        ],
        [
            0.03947368421052628,
            0.03947368421052628
        ],
        [
            0.026315789473684188,
            0.05263157894736847
        ],
        [
            0.0,
            0.05263157894736847
        ],
        [
            -0.013157894736842094,
            0.03947368421052628
        ],
        [
            -0.013157894736842094,
            0.013157894736842094
        ],
        [
            0.0,
            0.0
        ],
        [
            0.026315789473684188,
            0.0
        ]
    ],
    "s": [
        [
            0.013157894736842094,
            0.06578947368421055
        ],
        [
            0.0,
            0.0
        ]
    ],
    "t": [
        [
            0.0,
            0.0
        ],
        [
            0.026315789473684188,
            -0.026315789473684233
        ],
        [
            0.05263157894736847,
            -0.026315789473684233
        ],
        [
            0.07894736842105265,
            0.0
        ]
    ],
    "u": [
        [
            0.0,
            0.0
        ],
        [
            0.23684210526315785,
            0.11842105263157893
        ]
    ],
    "v": [
        [
            0.0,
            0.07894736842105265
        ],
        [
            0.0,
            -0.09210526315789473
        ],
        [
            0.03947368421052628,
            -0.15789473684210525
        ],
        [
            0.10526315789473684,
            0.07894736842105265
        ]
    ],
    "w": [
        [
            0.05263157894736847,
            -0.06578947368421052
        ],
        [
            0.026315789473684188,
            -0.07894736842105265
        ],
        [
            0.0,
            -0.05263157894736842
        ],
        [
            0.0,
            -0.013157894736842094
        ],
        [
            0.026315789473684188,
            0.0
        ],
        [
            0.05263157894736847,
            0.0
        ]
    ],