{
    "i": {
        "k": [
            [
                0.10526315789473684,
                0.10526315789473684
            ]
        ],
        "x": [
            [
                0.07894736842105265,
                0.09210526315789469
            ]
        ],
        "o": [
            [
                0.06578947368421051,
                0.09210526315789469
            ]
        ],
        "a": [
            [
                0.06578947368421051,
                0.09210526315789469
            ]
        ],
        "c": [
            [
                0.03947368421052633,
                0.09210526315789469
            ]
        ],
        "f": [
            [
                0.11842105263157898,
                0.09210526315789469
            ]
        ],
        "fr": [
            [
                0.07894736842105265,
                0.09210526315789469
            ]
        ],
        "h": [
            [
                0.06578947368421051,
                0.09210526315789469
            ]
        ]
    }
}