{
    "i": {
        "k": [
            [
                0.11842105263157898,
                0.10526315789473684
            ]
        ],
        "x": [
            [
                0.09210526315789469,
                0.09210526315789469
            ]
        ],
        "o": [
            [
                0.07894736842105265,
                0.09210526315789469
            ]
        ],
        "a": [
            [
                0.07894736842105265,
                0.09210526315789469
            ]
        ],
        "c": [
            [
                0.052631578947368474,
                0.09210526315789469
            ]
        ],
        "f": [
            [
                0.13157894736842102,
                0.09210526315789469
            ]
        ],
        "fr": [
            [
                0.09210526315789469,
                0.09210526315789469
            ]
        ],
        "h": [
            [
                0.07894736842105265,
                0.09210526315789469
            ]
        ]
    }
}