{
    "and": [
        [
            0.0,
            0.07894736842105265
        ],
        [
            0.07894736842105265,
            0.07894736842105265
        ]
    ],
    "of": [
        [
            0.0,
            0.0
        ],
        [
            0.23684210526315785,
            0.0
        ]
    ],
    "with": [
        [
            0.0,
            0.02631578947368418
        ],
        [
            0.02631578947368418,
            0.0
        ],
        [
            0.052631578947368474,
            0.0
        ],
        [
            0.07894736842105265,
            0.02631578947368418
        ],
        [
            0.07894736842105265,
            0.09210526315789469
        ],
        [
            0.02631578947368418,
            0.10526315789473684
        ],
        [
            0.0,
            0.06578947368421051
        ],
        [
            0.02631578947368418,
            0.03947368421052633
        ],
        [
            0.09210526315789469,
            0.03947368421052633
        ]
    ]
}