{
    "a": [
        [
            0.0,
            0.0
        ],
        [
            0.1875,
            0.0
        ]
    ],
    "b": [
        [
            0.0,
            0.0
        ],
        [
            0.15625,
            0.25
        ],
        [
            0.09375,
            0.40625
        ],
        [
            0.0625,
            0.15625
        ],
        [
            0.0625,
            0.0
        ]
    ],
    "c": [
        [
            0.125,
            0.1875
        ],
        [
            0.0,
            0.125
        ],
        [
            0.0,
            0.0625
        ],
        [
            0.125,
            0.0
        ]
    ],
    "d": [
        [
            0.0,
            0.125
        ],
        [
            0.25,
            0.0
        ],
        [
            0.5,
            0.125
        ]
    ],
    "e": [
        [
            0.0,
            0.0
        ],
        [
            0.1875,
            0.1875
        ]
    ],
    "i": [
        [
            0.0,
            0.0
        ],
        [
            0.1875,
            0.1875
        ]
    ],
    "j": [
        [
            0.0,
            0.0
        ],
        [
            -0.0625,
            -0.40625
        ],
        [
            -0.1875,
            -0.46875
        ],
        [
            -0.1875,
            -0.25
        ],
        [
            0.125,
            0.0
        ]
    ],
    "k": [
        [
            0.0,
            0.5
        ],
        [
            0.125,
            0.25
        ],
        [
            0.0,
            0.0
        ]
    ],
    "g": [
        [
            0.125,
            0.5
        ],
        [
            0.0,
            0.25
        ],
        [
            0.125,
            0.0
        ]
    ],
    "f": [
        [
            0.0,
            0.1875
        ],
        [
            0.125,
            0.125
        ],
        [
            0.125,
            0.0625
        ],
        [
            0.0,
            0.0
        ]
    ],
    "h": [
        [
            0.0,
            0.0
        ],
        [
            0.09375,
            0.15625
        ],
        [
            0.0,
            0.3125
        ],
        [
            -0.15625,
            0.15625
        ],
        [
            -0.125,
            0.03125
        ],
        [
            -0.03125,
            0.0
        ],
        [
            0.03125,
            0.0
        ]
    ],
    "l": [
        [
            0.03125,
            0.0
        ],
        [
            0.09375,
            0.0
        ],
        [
            0.125,
            -0.03125
        ],
        [
            0.125,
            -0.09375
        ],
        [
            0.09375,
            -0.125
        ],
        [
            0.03125,
            -0.125
        ],
        [
            0.0,
            -0.09375
        ],
        [
            0.0,
            -0.03125
        ],
        [
            0.03125,
            0.0
        ],
        [
            0.125,
            0.0
        ]
    ],
    "m": [
        [
            0.0,
            0.0
        ],
        [
            0.25,
            0.125
        ],
        [
            0.5,
            0.0
        ]
    ],
    "n": [
        [
            0.0,
            0.0
        ],
        [
            0.0625,
            0.125
        ],
        [
            0.125,
            0.125
        ],
        [
            0.1875,
            0.0
        ]
    ],
    "o": [
        [
            0.0,
            0.0
        ],
        [
            0.5,
            0.0
        ]
    ],
    "p": [
        [
            0.0625,
            0.5
        ],
        [
            0.0,
            0.0
        ]
    ],
    "q": [
        [
            0.0,
            0.0
        ],
        [
            -0.15625,
            -0.15625
        ],
        [
            -0.15625,
            -0.4375
        ],
        [
            -0.0625,
            -0.5
        ],
        [
            0.0625,
            -0.1875
        ],
        [
            0.0,
            0.0
        ]
    ],
    "r": [
        [
            0.0,
            0.0
        ],
        [
            0.0625,
            0.0
        ],
        [
            0.09375,
            0.03125
        ],
        [
            0.09375,
            0.09375
        ],
        [
            0.0625,
            0.125
        ],
        [
            0.0,
            0.125
        ],
        [
            -0.03125,
            0.09375
        ],
        [
            -0.03125,
            0.03125
        ],
        [
            0.0,
            0.0
        ],
        [
            0.09375,
            0.0
        ]
    ],
    "s": [
        [
            0.0,
            0.0
        ],
        [
            -0.0625,
            -0.1875
        ]
    ],
    "t": [
        [
            0.0,
            0.0
        ],
        [
            0.0625,
            -0.125
        ],
        [
            0.125,
            -0.125
        ],
        [
            0.1875,
            0.0
        ]
    ],
    "u": [
        [
            0.0,
            0.0
        ],
        [
            0.4375,
            0.125
        ]
    ],
    "v": [
        [
            0.0,
            0.0
        ],
        [
            -0.0625,
            -0.40625
        ],
        [
            0.03125,
            -0.46875
        ],
        [
            0.15625,
            0.0
        ]
    ],
    "w": [
        [
            0.125,
            -0.1875
        ],
        [
            0.0,
            -0.125
        ],
        [
            0.0,
            -0.0625
        ],
        [
            0.125,
            0.0
        ]
    ],
    "x": [
        [
            0.0,
            0.0
        ],
        [
            -0.125,
            -0.09375
        ],
        [
            0.0,
            -0.1875
        ],
        [
            -0.125,
            -0.28125
        ]
    ],
    "y": [
        [
            0.0,
            0.0
        ],
        [
            0.1875,
            -0.1875
        ]
    ],
    "z": [
        [
            0.0,
            0.0
        ],
        [
            -0.0625,
            -0.125
        ],
        [
            -0.1875,
            -0.1875
        ]
    ],
    "ae": [
        [
            0.0,
            0.0
        ],
        [
            0.1875,
            0.0625
        ],
        [
            0.3125,
            0.1875
        ]
    ],
    "sh": [
        [
            0.0,
            0.0
        ],
        [
            -0.0625,
            -0.1875
        ],
        [
            -0.09375,
            -0.34375
        ],
        [
            0.0,
            -0.40625
        ],
        [
            0.0625,
            -0.34375
        ],
        [
            -0.0625,
            -0.1875
        ]
    ]
}