{
    "c": {
        "i": [
            [
                0.0,
                0.06944444444444442
            ],
            [
                -0.013888888888888895,
                0.04166666666666663
            ],
            [
                -0.013888888888888895,
                0.01388888888888884
            ],
            [
                0.0,
                0.0
            ],
            [
                0.02777777777777779,
                0.0
            ]
        ],
        "e": [
            [
                0.0,
                0.06944444444444442
            ],
            [
                -0.013888888888888895,
                0.04166666666666663
            ],
            [
                -0.013888888888888895,
                0.01388888888888884
            ],
            [
                0.0,
                0.0
            ],
            [
                0.02777777777777779,
                0.0
            ]
        ]
    },
    "y": {
        "sh": [
            [
                -0.041666666666666685,
                0.06944444444444442
            ],
            [
                0.04166666666666663,
                0.0
            ]
        ]
    }
}