{
    "c": {
        "i": [
            [
                0.0,
                0.06578947368421051
            ],
            [
                -0.01315789473684211,
                0.03947368421052628
            ],
            [
                -0.01315789473684211,
                0.013157894736842058
            ],
            [
                0.0,
                0.0
            ],
            [
                0.02631578947368422,
                0.0
            ]
        ],
        "e": [
            [
                0.0,
                0.06578947368421051
            ],
            [
                -0.01315789473684211,
                0.03947368421052628
            ],
            [
                -0.01315789473684211,
                0.013157894736842058
            ],
            [
                0.0,
                0.0
            ],
            [
                0.02631578947368422,
                0.0
            ]
        ]
    },
    "y": {
        "sh": [
            [
                -0.039473684210526334,
                0.06578947368421051
            ],
            [
                0.03947368421052628,
                0.0
            ]
        ],
        "l": [
            [
                -0.03947368421052633,
                0.06578947368421051
            ],
            [
                -0.026315789473684237,
                0.052631578947368474
            ],
            [
                0.0,
                0.0
            ]
        ]
    },
    "e": {
        "f": [
            [
                0.0,
                0.0
            ],
            [
                0.06578947368421051,
                0.013157894736842146
            ],
            [
                0.09210526315789469,
                0.07894736842105265
            ]
        ],
        "g": [
            [
                0.0,
                0.0
            ],
            [
                0.03947368421052633,
                0.013157894736842146
            ],
            [
                0.06578947368421051,
                0.06578947368421051
            ]
        ],
        "v": [
            [
                0.0,
                0.0
            ],
            [
                0.013157894736842146,
                0.02631578947368418
            ],
            [
                0.03947368421052633,
                0.06578947368421051
            ]
        ]
    },
    "i": {
        "h": [
            [
                0.0,
                0.0
            ],
            [
                0.02631578947368418,
                0.013157894736842146
            ],
            [
                0.06578947368421051,
                0.06578947368421051
            ]
        ],
        "c": [
            [
                0.0,
                0.0
            ],
            [
                0.013157894736842146,
                0.013157894736842146
            ],
            [
                0.03947368421052633,
                0.06578947368421051
            ]
        ]
    },
    "o": {
        "j": [
            [
                0.0,
                0.0
            ],
            [
                0.052631578947368474,
                0.013157894736842146
            ],
            [
                0.23684210526315785,
                0.013157894736842146
            ]
        ]
    }
}