{
    "a": [
        [
            0.0,
            0.0
        ],
        [
            0.08333333333333336,
            0.0
        ]
    ],
    "b": [
        [
            0.0,
            0.0
        ],
        [
            0.08333333333333336,
            0.1111111111111111
        ],
        [
            0.06944444444444448,
            0.20833333333333334
        ],
        [
            0.013888888888888876,
            0.0
        ]
    ],
    "c": [
        [
            0.0,
            0.06944444444444448
        ],
        [
            -0.027777777777777804,
            0.08333333333333336
        ],
        [
            -0.05555555555555555,
            0.05555555555555561
        ],
        [
            -0.05555555555555555,
            0.013888888888888876
        ],
        [
            -0.027777777777777804,
            0.0
        ],
        [
            0.0,
            0.0
        ]
    ],
    "d": [
        [
            0.0,
            0.05555555555555561
        ],
        [
            0.12499999999999999,
            0.0
        ],
        [
            0.24999999999999997,
            0.05555555555555561
        ]
    ],
    "e": [
        [
            0.0,
            0.0
        ],
        [
            0.04166666666666663,
            0.06944444444444448
        ]
    ],
    "f": [
        [
            0.0,
            0.06944444444444448
        ],
        [
            0.027777777777777752,
            0.08333333333333336
        ],
        [
            0.05555555555555561,
            0.05555555555555561
        ],
        [
            0.05555555555555561,
            0.013888888888888876
        ],
        [
            0.027777777777777752,
            0.0
        ],
        [
            0.0,
            0.0
        ]
    ],
    "g": [
        [
            0.09722222222222222,
            0.24999999999999997
        ],
        [
            0.027777777777777752,
            0.20833333333333334
        ],
        [
            0.0,
            0.12499999999999999
        ],
        [
            0.027777777777777752,
            0.04166666666666663
        ],
        [
            0.09722222222222222,
            0.0
        ]
    ],
    "h": [
        [
            0.0,
            0.0
        ],
        [
            0.027777777777777752,
            0.06944444444444448
        ],
        [
            0.0,
            0.15277777777777773
        ],
        [
            -0.09722222222222222,
            0.12499999999999999
        ],
        [
            -0.09722222222222222,
            0.04166666666666663
        ],
        [
            -0.04166666666666668,
            0.0
        ],
        [
            0.013888888888888876,
            0.0
        ]
    ],
    "i": [
        [
            0.0,
            0.0
        ],
        [
            0.04166666666666663,
            0.06944444444444448
        ]
    ],
    "j": [
        [
            0.0,
            0.08333333333333336
        ],
        [
            -0.027777777777777804,
            -0.08333333333333336
        ],
        [
            -0.06944444444444443,
            -0.08333333333333336
        ],
        [
            -0.04166666666666668,
            0.0
        ],
        [
            0.04166666666666663,
            0.08333333333333336
        ]
    ],
    "k": [
        [
            0.0,
            0.24999999999999997
        ],
        [
            0.06944444444444448,
            0.20833333333333334
        ],
        [
            0.09722222222222222,
            0.12499999999999999
        ],
        [
            0.06944444444444448,
            0.04166666666666663
        ],
        [
            0.0,
            0.0
        ]
    ],
    "l": [
        [
            0.0,
            0.0
        ],
        [
            0.013888888888888876,
            -0.013888888888888876
        ],
        [
            0.013888888888888876,
            -0.04166666666666668
        ],
        [
            0.0,
            -0.05555555555555555
        ],
        [
            -0.027777777777777804,
            -0.05555555555555555
        ],
        [
            -0.04166666666666668,
            -0.04166666666666668
        ],
        [
            -0.04166666666666668,
            -0.013888888888888876
        ],
        [
            -0.027777777777777804,
            0.0
        ],
        [
            0.013888888888888876,
            0.0
        ]
    ],
    "m": [
        [
            0.0,
            0.0
        ],
        [
            0.12499999999999999,
            0.05555555555555561
        ],
        [
            0.24999999999999997,
            0.0
        ]
    ],
    "n": [
        [
            0.0,
            0.0
        ],
        [
            0.027777777777777752,
            0.027777777777777752
        ],
        [
            0.05555555555555561,
            0.027777777777777752
        ],
        [
            0.08333333333333336,
            0.0
        ]
    ],
    "o": [
        [
            0.0,
            0.0
        ],
        [
            0.24999999999999997,
            0.0
        ]
    ],
    "p": [
        [
            0.04166666666666663,
            0.24999999999999997
        ],
        [
            0.0,
            0.0
        ]
    ],
    "q": [
        [
            0.0,
            0.0
        ],
        [
            -0.05555555555555555,
            -0.09722222222222222
        ],
        [
            -0.027777777777777804,
            -0.2361111111111111
        ],
        [
            0.04166666666666663,
            -0.1388888888888889
        ],
        [
            0.0,
            0.0
        ]
    ],
    "r": [
        [
            0.0,
            0.0
        ],
        [
            0.027777777777777752,
            0.0
        ],
        [
            0.04166666666666663,
            0.013888888888888876
        ],
        [
            0.04166666666666663,
            0.04166666666666663
        ],
        [
            0.027777777777777752,
            0.05555555555555561
        ],
        [
            0.0,
            0.05555555555555561
        ],
        [
            -0.013888888888888876,
            0.04166666666666663
        ],
        [
            -0.013888888888888876,
            0.013888888888888876
        ],
        [
            0.0,
            0.0
        ],
        [
            0.027777777777777752,
            0.0
        ]
    ],
    "s": [
        [
            0.013888888888888876,
            0.06944444444444448
        ],
        [
            0.0,
            0.0
        ]
    ],
    "t": [
        [
            0.0,
            0.0
        ],
        [
            0.027777777777777752,
            -0.027777777777777804
        ],
        [
            0.05555555555555561,
            -0.027777777777777804
        ],
        [
            0.08333333333333336,
            0.0
        ]
    ],
    "u": [
        [
            0.0,
            0.0
        ],
        [
            0.24999999999999997,
            0.12499999999999999
        ]
    ],
    "v": [
        [
            0.0,
            0.08333333333333336
        ],
        [
            0.0,
            -0.09722222222222222
        ],
        [
            0.04166666666666663,
            -0.16666666666666666
        ],
        [
            0.1111111111111111,
            0.08333333333333336
        ]
    ],
    "w": [
        [
            0.05555555555555561,
            -0.06944444444444443
        ],
        [
            0.027777777777777752,
            -0.08333333333333336
        ],
        [
            0.0,
            -0.05555555555555555
        ],
        [
            0.0,
            -0.013888888888888876
        ],
        [
            0.027777777777777752,
            0.0
        ],
        [
            0.05555555555555561,
            0.0
        ]
    ],