{
    "a": [
        [
            0.0,
            0.0
        ],
        [
            0.09677419354838712,
            0.0
        ]
    ],
    "b": [
        [
            0.0,
            0.0
        ],
        [
            0.09677419354838712,
            0.12903225806451613
        ],
        [
            0.08064516129032262,
            0.24193548387096775
        ],
        [
            0.016129032258064502,
            0.0
        ]
    ],
    "c": [
        [
            0.0,
            0.08064516129032262
        ],
        [
            -0.03225806451612906,
            0.09677419354838712
        ],
        [
            -0.06451612903225806,
            0.06451612903225812
        ],
        [
            -0.06451612903225806,
            0.016129032258064502
        ],
        [
            -0.03225806451612906,
            0.0
        ],
        [
            0.0,
            0.0
        ]
    ],
    "d": [
        [
            0.0,
            0.06451612903225812
        ],
        [
            0.14516129032258063,
            0.0
        ],
        [
            0.29032258064516125,
            0.06451612903225812
        ]
    ],
    "e": [
        [
            0.0,
            0.0
        ],
        [
            0.048387096774193505,
            0.08064516129032262
        ]
    ],
    "f": [
        [
            0.0,
            0.08064516129032262
        ],
        [
            0.032258064516129004,
            0.09677419354838712
        ],
        [
            0.06451612903225812,
            0.06451612903225812
        ],
        [
            0.06451612903225812,
            0.016129032258064502
        ],
        [
            0.032258064516129004,
            0.0
        ],
        [
            0.0,
            0.0
        ]
    ],
    "g": [
        [
            0.11290322580645162,
            0.29032258064516125
        ],
        [
            0.032258064516129004,
            0.24193548387096775
        ],
        [
            0.0,
            0.14516129032258063
        ],
        [
            0.032258064516129004,
            0.048387096774193505
        ],
        [
            0.11290322580645162,
            0.0
        ]
    ],
    "h": [
        [
            0.0,
            0.0
        ],
        [
            0.032258064516129004,
            0.08064516129032262
        ],
        [
            0.0,
            0.17741935483870963
        ],
        [
            -0.11290322580645162,
            0.14516129032258063
        ],
        [
            -0.11290322580645162,
            0.048387096774193505
        ],
        [
            -0.04838709677419356,
            0.0
        ],
        [
            0.016129032258064502,
            0.0
        ]
    ],
    "i": [
        [
            0.0,
            0.0
        ],
        [
            0.048387096774193505,
            0.08064516129032262
        ]
    ],
    "j": [
        [
            0.0,
            0.09677419354838712
        ],
        [
            -0.03225806451612906,
            -0.09677419354838712
        ],
        [
            -0.08064516129032256,
            -0.09677419354838712
        ],
        [
            -0.04838709677419356,
            0.0
        ],
        [
            0.048387096774193505,
            0.09677419354838712
        ]
    ],
    "k": [
        [
            0.0,
            0.29032258064516125
        ],
        [
            0.08064516129032262,
            0.24193548387096775
        ],
        [
            0.11290322580645162,
            0.14516129032258063
        ],
        [
            0.08064516129032262,
            0.048387096774193505
        ],
        [
            0.0,
            0.0
        ]
    ],
    "l": [
        [
            0.0,
            0.0
        ],
        [
            0.016129032258064502,
            -0.016129032258064502
        ],
        [
            0.016129032258064502,
            -0.04838709677419356
        ],
        [
            0.0,
            -0.06451612903225806
        ],
        [
            -0.03225806451612906,
            -0.06451612903225806
        ],
        [
            -0.04838709677419356,
            -0.04838709677419356
        ],
        [
            -0.04838709677419356,
            -0.016129032258064502
        ],
        [
            -0.03225806451612906,
            0.0
        ],
        [
            0.016129032258064502,
            0.0
        ]
    ],
    "m": [
        [
            0.0,
            0.0
        ],
        [
            0.14516129032258063,
            0.06451612903225812
        ],
        [
            0.29032258064516125,
            0.0
        ]
    ],
    "n": [
        [
            0.0,
            0.0
        ],
        [
            0.032258064516129004,
            0.032258064516129004
        ],
        [
            0.06451612903225812,
            0.032258064516129004
        ],
        [
            0.09677419354838712,
            0.0
        ]
    ],
    "o": [
        [
            0.0,
            0.0
        ],
        [
            0.29032258064516125,
            0.0
        ]
    ],
    "p": [
        [
            0.048387096774193505,
            0.29032258064516125
        ],
        [
            0.0,
            0.0
        ]
    ],
    "q": [
        [
            0.0,
            0.0
        ],
        [
            -0.06451612903225806,
            -0.11290322580645162
        ],
        [
            -0.03225806451612906,
            -0.27419354838709675
        ],
        [
            0.048387096774193505,
            -0.16129032258064518
        ],
        [
            0.0,
            0.0
        ]
    ],
    "r": [
        [
            0.0,
            0.0
        ],
        [
            0.032258064516129004,
            0.0
        ],
        [
            0.048387096774193505,
            0.016129032258064502
        ],
        [
            0.048387096774193505,
            0.048387096774193505
        ],
        [
            0.032258064516129004,
            0.06451612903225812
        ],
        [
            0.0,
            0.06451612903225812
        ],
        [
            -0.016129032258064502,
            0.048387096774193505
        ],
        [
            -0.016129032258064502,
            0.016129032258064502
        ],
        [
            0.0,
            0.0
        ],
        [
            0.032258064516129004,
            0.0
        ]
    ],
    "s": [
        [
            0.016129032258064502,
            0.08064516129032262
        ],
        [
            0.0,
            0.0
        ]
    ],
    "t": [
        [
            0.0,
            0.0
        ],
        [
            0.032258064516129004,
            -0.03225806451612906
        ],
        [
            0.06451612903225812,
            -0.03225806451612906
        ],
        [
            0.09677419354838712,
            0.0
        ]
    ],
    "u": [
        [
            0.0,
            0.0
        ],
        [
            0.29032258064516125,
            0.14516129032258063
        ]
    ],
    "v": [
        [
            0.0,
            0.09677419354838712
        ],
        [
            0.0,
            -0.11290322580645162
        ],
        [
            0.048387096774193505,
            -0.1935483870967742
        ],
        [
            0.12903225806451613,
            0.09677419354838712
        ]
    ],
    "w": [
        [
            0.06451612903225812,
            -0.08064516129032256
        ],
        [
            0.032258064516129004,
            -0.09677419354838712
        ],
        [
            0.0,
            -0.06451612903225806
        ],
        [
            0.0,
            -0.016129032258064502
        ],
        [
            0.032258064516129004,
            0.0
        ],
        [
            0.06451612903225812,
            0.0
        ]
    ],