{
    "sh": [
        [
            0.0,
            0.0
        ],
        [
            -0.03448275862068967,
            -0.1724137931034483
        ],
        [
            0.0,
            -0.3103448275862069
        ],
        [
            0.10344827586206895,
            -0.3448275862068966
        ],
        [
            0.1724137931034483,
            -0.24137931034482757
        ],
        [
            0.10344827586206895,
            -0.1724137931034483
        ],
        [
            -0.03448275862068967,
            -0.1724137931034483
        ]
    ],
    "hi": [
        [
            0.0,
            0.0
        ],
        [
            0.2068965517241379,
            0.0
        ],
        [
            0.31034482758620685,
            0.10344827586206895
        ],
        [
            0.31034482758620685,
            0.31034482758620685
        ],
        [
            0.2068965517241379,
            0.4137931034482759
        ],
        [
            0.0,
            0.4137931034482759
        ],
        [
            -0.10344827586206895,
            0.31034482758620685
        ],
        [
            -0.10344827586206895,
            0.10344827586206895
        ],
        [
            0.0,
            0.0
        ],
        [
            0.2068965517241379,
            0.0
        ],
        [
            0.31034482758620685,
            0.03448275862068961
        ],
        [
            0.4482758620689655,
            0.1724137931034483
        ]
    ],
    "re": [
        [
            0.0,
            0.0
        ],
        [
            0.06896551724137934,
            0.0
        ],
        [
            0.10344827586206895,
            0.03448275862068961
        ],
        [
            0.10344827586206895,
            0.10344827586206895
        ],
        [
            0.06896551724137934,
            0.13793103448275867
        ],
        [
            0.0,
            0.13793103448275867
        ],
        [
            -0.03448275862068967,
            0.10344827586206895
        ],
        [
            -0.03448275862068967,
            0.03448275862068961
        ],
        [
            0.0,
            0.0
        ],
        [
            0.06896551724137934,
            0.0
        ],
        [
            0.24137931034482762,
            0.10344827586206895
        ]
    ],
    "ri": [
        [
            0.0,
            0.0
        ],
        [
            0.06896551724137934,
            0.0
        ],
        [
            0.10344827586206895,
            0.03448275862068961
        ],
        [
            0.10344827586206895,
            0.10344827586206895
        ],
        [
            0.06896551724137934,
            0.13793103448275867
        ],
        [
            0.0,
            0.13793103448275867
        ],
        [
            -0.03448275862068967,
            0.10344827586206895
        ],
        [
            -0.03448275862068967,
            0.03448275862068961
        ],
        [
            0.0,
            0.0
        ],
        [
            0.06896551724137934,
            0.0
        ],
        [
            0.24137931034482762,
            0.10344827586206895
        ]
    ],
    "th": [
        [
            0.0,
            0.0
        ],
        [
            0.10344827586206895,
            -0.13793103448275862
        ],
        [
            0.24137931034482762,
            -0.13793103448275862
        ],
        [
            0.3448275862068966,
            0.0
        ],
        [
            0.31034482758620685,
            0.2068965517241379
        ],
        [
            0.06896551724137934,
            0.2068965517241379
        ],
        [
            0.03448275862068961,
            0.06896551724137934
        ],
        [
            0.3793103448275862,
            0.03448275862068961
        ]
    ],
    "fl": [
        [
            0.0,
            0.1724137931034483
        ],
        [
            0.13793103448275867,
            0.13793103448275867
        ],
        [
            0.13793103448275867,
            0.03448275862068961
        ],
        [
            0.06896551724137934,
            -0.06896551724137934
        ],
        [
            0.0,
            -0.06896551724137934
        ],
        [
            0.0,
            0.0
        ],
        [
            0.06896551724137934,
            0.03448275862068961
        ],
        [
            0.13793103448275867,
            0.03448275862068961
        ]
    ],
    "ou": [
        [
            0.0,
            0.0
        ],
        [
            0.27586206896551724,
            0.0
        ],
        [
            0.5172413793103448,
            0.06896551724137934
        ]
    ],
    "uo": [
        [
            0.0,
            0.0
        ],
        [
            0.27586206896551724,
            0.06896551724137934
        ],
        [
            0.5172413793103448,
            0.06896551724137934
        ]
    ],
    "he": [
        [
            0.0,
            0.0
        ],
        [
            0.2068965517241379,
            0.0
        ],
        [
            0.31034482758620685,
            0.10344827586206895
        ],
        [
            0.31034482758620685,
            0.31034482758620685
        ],
        [
            0.2068965517241379,
            0.4137931034482759
        ],
        [
            0.0,
            0.4137931034482759
        ],
        [
            -0.10344827586206895,
            0.31034482758620685
        ],
        [
            -0.10344827586206895,
            0.10344827586206895
        ],
        [
            0.0,
            0.0
        ],
        [
            0.2068965517241379,
            0.0
        ],
        [
            0.31034482758620685,
            0.03448275862068961
        ],
        [
            0.4482758620689655,
            0.1724137931034483
        ]
    ],
    "lp": [
        [
            0.0,
            0.0
        ],
        [
            0.06896551724137934,
            0.0
        ],
        [
            0.10344827586206895,
            -0.03448275862068967
        ],
        [
            0.10344827586206895,
            -0.10344827586206895
        ],
        [
            0.06896551724137934,
            -0.13793103448275862
        ],
        [
            0.0,
            -0.13793103448275862
        ],
        [
            -0.03448275862068967,
            -0.10344827586206895
        ],
        [
            -0.03448275862068967,
            -0.03448275862068967
        ],
        [
            0.0,
            0.0
        ],
        [
            0.06896551724137934,
            0.0
        ],
        [
            0.10344827586206895,
            -0.03448275862068967
        ],
        [
            0.10344827586206895,
            -0.10344827586206895
        ],
        [
            0.06896551724137934,
            -0.20689655172413796
        ],
        [
            0.0,
            -0.5172413793103449
        ]
    ],
    "ia": [
        [
            0.0,
            0.0
        ],
        [
            0.10344827586206895,
            0.10344827586206895
        ],
        [
            0.24137931034482762,
            0.13793103448275867
        ]
    ],
    "ai": [
        [
            0.0,
            0.0
        ],
        [
            0.13793103448275867,
            0.03448275862068961
        ],
        [
            0.24137931034482762,
            0.13793103448275867
        ]
    ],
    "ae": [
        [
            0.0,
            0.0
        ],
        [
            0.13793103448275867,
            0.03448275862068961
        ],
        [
            0.24137931034482762,
            0.13793103448275867
        ]
    ],
    "ea": [
        [
            0.0,
            0.0
        ],
        [
            0.10344827586206895,
            0.10344827586206895
        ],
        [
            0.24137931034482762,
            0.13793103448275867
        ]
    ]
}