{
    "sh": [
        [
            0.0,
            0.0
        ],
        [
            -0.03448275862068967,
            -0.1724137931034483
        ],
        [
            0.0,
            -0.3103448275862069
        ],
        [
            0.10344827586206895,
            -0.3448275862068966
        ],
        [
            0.1724137931034483,
            -0.24137931034482757
        ],
        [
            0.10344827586206895,
            -0.1724137931034483
        ],
        [
            -0.03448275862068967,
            -0.1724137931034483
        ]
    ],
    "he": [
        [
            0.0,
            0.0
        ],
        [
            0.2068965517241379,
            0.0
        ],
        [
            0.31034482758620685,
            0.10344827586206895
        ],
        [
            0.31034482758620685,
            0.31034482758620685
        ],
        [
            0.2068965517241379,
            0.4137931034482759
        ],
        [
            0.0,
            0.4137931034482759
        ],
        [
            -0.10344827586206895,
            0.31034482758620685
        ],
        [
            -0.10344827586206895,
            0.10344827586206895
        ],
        [
            0.0,
            0.0
        ],
        [
            0.2068965517241379,
            0.0
        ],
        [
            0.31034482758620685,
            0.03448275862068961
        ],
        [
            0.4482758620689655,
            0.1724137931034483
        ]
    ],
    "hi": [
        [
            0.0,
            0.0
        ],
        [
            0.2068965517241379,
            0.0
        ],
        [
            0.31034482758620685,
            0.10344827586206895
        ],
        [
            0.31034482758620685,
            0.31034482758620685
        ],
        [
            0.2068965517241379,
            0.4137931034482759
        ],
        [
            0.0,
            0.4137931034482759
        ],
        [
            -0.10344827586206895,
            0.31034482758620685
        ],
        [
            -0.10344827586206895,
            0.10344827586206895
        ],
        [
            0.0,
            0.0
        ],
        [
            0.2068965517241379,
            0.0
        ],
        [
            0.31034482758620685,
            0.03448275862068961
        ],
        [
            0.4482758620689655,
            0.1724137931034483
        ]
    ],
    "re": [
        [
            0.0,
            0.0
        ],
        [
            0.06896551724137934,
            0.0
        ],
        [
            0.10344827586206895,
            0.03448275862068961
        ],
        [
            0.10344827586206895,
            0.10344827586206895
        ],
        [
            0.06896551724137934,
            0.13793103448275867
        ],
        [
            0.0,
            0.13793103448275867
        ],
        [
            -0.03448275862068967,
            0.10344827586206895
        ],
        [
            -0.03448275862068967,
            0.03448275862068961
        ],
        [
            0.0,
            0.0
        ],
        [
            0.06896551724137934,
            0.0
        ],
        [
            0.24137931034482762,
            0.10344827586206895
        ]
    ],
    "ri": [
        [
            0.0,
            0.0
        ],
        [
            0.06896551724137934,
            0.0
        ],
        [
            0.10344827586206895,
            0.03448275862068961
        ],
        [
            0.10344827586206895,
            0.10344827586206895
        ],
        [
            0.06896551724137934,
            0.13793103448275867
        ],
        [
            0.0,
            0.13793103448275867
        ],
        [
            -0.03448275862068967,
            0.10344827586206895
        ],
        [
            -0.03448275862068967,
            0.03448275862068961
        ],
        [
            0.0,
            0.0
        ],
        [
            0.06896551724137934,
            0.0
        ],
        [
            0.24137931034482762,
            0.10344827586206895
        ]
    ]
}