{
    "a": [
        [
            0.0,
            0.0
        ],
        [
            0.1724137931034483,
            0.0
        ]
    ],
    "b": [
        [
            0.0,
            0.0
        ],
        [
            0.10344827586206895,
            0.1724137931034483
        ],
        [
            0.06896551724137934,
            0.31034482758620685
        ],
        [
            0.03448275862068961,
            0.1724137931034483
        ],
        [
            0.13793103448275867,
            0.0
        ]
    ],
    "c": [
        [
            0.06896551724137934,
            0.1724137931034483
        ],
        [
            0.0,
            0.10344827586206895
        ],
        [
            0.0,
            0.03448275862068961
        ],
        [
            0.06896551724137934,
            0.0
        ],
        [
            0.13793103448275867,
            0.0
        ]
    ],
    "d": [
        [
            0.0,
            0.06896551724137934
        ],
        [
            0.24137931034482762,
            0.0
        ],
        [
            0.48275862068965514,
            0.06896551724137934
        ]
    ],
    "e": [
        [
            0.0,
            0.0
        ],
        [
            0.1724137931034483,
            0.1724137931034483
        ]
    ],
    "f": [
        [
            0.0,
            0.1724137931034483
        ],
        [
            0.13793103448275867,
            0.13793103448275867
        ],
        [
            0.13793103448275867,
            0.03448275862068961
        ],
        [
            0.0,
            0.0
        ]
    ],
    "g": [
        [
            0.06896551724137934,
            0.48275862068965514
        ],
        [
            0.0,
            0.24137931034482762
        ],
        [
            0.06896551724137934,
            0.0
        ]
    ],
    "h": [
        [
            0.0,
            0.0
        ],
        [
            0.2068965517241379,
            0.0
        ],
        [
            0.31034482758620685,
            0.10344827586206895
        ],
        [
            0.31034482758620685,
            0.31034482758620685
        ],
        [
            0.2068965517241379,
            0.4137931034482759
        ],
        [
            0.0,
            0.4137931034482759
        ],
        [
            -0.10344827586206895,
            0.31034482758620685
        ],
        [
            -0.10344827586206895,
            0.10344827586206895
        ],
        [
            0.0,
            0.0
        ],
        [
            0.2068965517241379,
            0.0
        ]
    ],
    "i": [
        [
            0.0,
            0.0
        ],
        [
            0.1724137931034483,
            0.1724137931034483
        ]
    ],
    "j": [
        [
            0.13793103448275867,
            0.1724137931034483
        ],
        [
            0.10344827586206895,
            -0.3103448275862069
        ],
        [
            0.0,
            -0.20689655172413796
        ],
        [
            0.0,
            -0.06896551724137934
        ],
        [
            0.1724137931034483,
            0.0
        ]
    ],
    "k": [
        [
            0.0,
            0.48275862068965514
        ],
        [
            0.06896551724137934,
            0.24137931034482762
        ],
        [
            0.0,
            0.0
        ]
    ],
    "l": [
        [
            0.06896551724137934,
            0.0
        ],
        [
            0.0,
            0.0
        ],
        [
            -0.03448275862068967,
            -0.03448275862068967
        ],
        [
            -0.03448275862068967,
            -0.10344827586206895
        ],
        [
            0.0,
            -0.13793103448275862
        ],
        [
            0.06896551724137934,
            -0.13793103448275862
        ],
        [
            0.10344827586206895,
            -0.10344827586206895
        ],
        [
            0.10344827586206895,
            -0.03448275862068967
        ],
        [
            0.06896551724137934,
            0.0
        ]
    ],
    "m": [
        [
            0.0,
            0.0
        ],
        [
            0.24137931034482762,
            0.06896551724137934
        ],
        [
            0.48275862068965514,
            0.0
        ]
    ],
    "n": [
        [
            0.0,
            0.0
        ],
        [
            0.03448275862068961,
            0.13793103448275867
        ],
        [
            0.13793103448275867,
            0.13793103448275867
        ],
        [
            0.1724137931034483,
            0.0
        ]
    ],
    "o": [
        [
            0.0,
            0.0
        ],
        [
            0.5172413793103448,
            0.0
        ]
    ],
    "p": [
        [
            0.0,
            0.0
        ],
        [
            -0.06896551724137934,
            -0.5172413793103449
        ]
    ],
    "q": [
        [
            0.10344827586206895,
            0.0
        ],
        [
            0.03448275862068961,
            0.0
        ],
        [
            -0.06896551724137934,
            -0.1724137931034483
        ],
        [
            0.0,
            -0.3793103448275862
        ],
        [
            0.13793103448275867,
            -0.20689655172413796
        ],
        [
            0.10344827586206895,
            0.0
        ]
    ],
    "r": [
        [
            0.0,
            0.0
        ],
        [
            0.06896551724137934,
            0.0
        ],
        [
            0.10344827586206895,
            0.03448275862068961
        ],
        [
            0.10344827586206895,
            0.10344827586206895
        ],
        [
            0.06896551724137934,
            0.13793103448275867
        ],
        [
            0.0,
            0.13793103448275867
        ],
        [
            -0.03448275862068967,
            0.10344827586206895
        ],
        [
            -0.03448275862068967,
            0.03448275862068961
        ],
        [
            0.0,
            0.0
        ],
        [
            0.06896551724137934,
            0.0
        ]
    ],
    "s": [
        [
            0.0,
            0.0
        ],
        [
            0.0,
            -0.1724137931034483
        ]
    ],
    "t": [
        [
            0.0,
            0.0
        ],
        [
            0.03448275862068961,
            -0.13793103448275862
        ],
        [
            0.13793103448275867,
            -0.13793103448275862
        ],
        [
            0.1724137931034483,
            0.0
        ]
    ],
    "u": [
        [
            0.0,
            0.0
        ],
        [
            0.3448275862068966,
            0.06896551724137934
        ]
    ],
    "v": [
        [
            0.0,
            0.0
        ],
        [
            0.06896551724137934,
            -0.3103448275862069
        ],
        [
            0.1724137931034483,
            -0.3103448275862069
        ],
        [
            0.24137931034482762,
            0.0
        ]
    ],
    "w": [
        [
            0.1724137931034483,
            -0.1724137931034483
        ],
        [
            0.03448275862068961,
            -0.13793103448275862
        ],
        [
            0.03448275862068961,
            -0.03448275862068967
        ],
        [
            0.1724137931034483,
            0.0
        ]
    ],
    "x": [
        [
            0.1724137931034483,
            0.0
        ],
        [
            0.03448275862068961,
            -0.06896551724137934
        ],
        [
            0.13793103448275867,
            -0.13793103448275862
        ],
        [
            0.0,
            -0.20689655172413796
        ]
    ],
    "y": [
        [
            0.0,
            0.1724137931034483
        ],
        [
            0.1724137931034483,
            0.0
        ]
    ],